phase_name,phase_idx,step,state,action,action_name,reward,next_state
pre-drug,0,1,3,5,as7,0.0,3
pre-drug,0,2,3,3,as5,0.0,4
pre-drug,0,3,4,6,ag,0.0,4
pre-drug,0,4,4,6,ag,0.0,4
pre-drug,0,5,4,7,ad,0.0,4
pre-drug,0,6,4,4,as6,0.0,5
pre-drug,0,7,5,3,as5,0.0,4
pre-drug,0,8,4,7,ad,0.0,4
pre-drug,0,9,4,7,ad,0.0,4
pre-drug,0,10,4,0,as2,0.0,4
pre-drug,0,11,4,6,ag,0.0,4
pre-drug,0,12,4,3,as5,0.0,4
pre-drug,0,13,4,6,ag,0.0,4
pre-drug,0,14,4,7,ad,0.0,4
pre-drug,0,15,4,4,as6,0.0,5
pre-drug,0,16,5,0,as2,0.0,5
pre-drug,0,17,5,3,as5,0.0,4
pre-drug,0,18,4,2,as4,0.0,3
pre-drug,0,19,3,6,ag,0.0,3
pre-drug,0,20,3,4,as6,0.0,3
pre-drug,0,21,3,1,as3,0.0,2
pre-drug,0,22,2,7,ad,0.0,2
pre-drug,0,23,2,3,as5,0.0,2
pre-drug,0,24,2,7,ad,0.0,2
pre-drug,0,25,2,5,as7,0.0,2
pre-drug,0,26,2,1,as3,0.0,2
pre-drug,0,27,2,7,ad,0.0,2
pre-drug,0,28,2,5,as7,0.0,2
pre-drug,0,29,2,4,as6,0.0,2
pre-drug,0,30,2,5,as7,0.0,2
pre-drug,0,31,2,7,ad,0.0,2
pre-drug,0,32,2,5,as7,0.0,2
pre-drug,0,33,2,0,as2,0.0,1
pre-drug,0,34,1,5,as7,0.0,1
pre-drug,0,35,1,2,as4,0.0,1
pre-drug,0,36,1,3,as5,0.0,1
pre-drug,0,37,1,8,aw,0.0,1
pre-drug,0,38,1,2,as4,0.0,1
pre-drug,0,39,1,8,aw,0.0,1
pre-drug,0,40,1,5,as7,0.0,1
pre-drug,0,41,1,3,as5,0.0,1
pre-drug,0,42,1,0,as2,0.0,1
pre-drug,0,43,1,6,ag,1.0,0
pre-drug,0,44,0,1,as3,1.0,0
pre-drug,0,45,0,1,as3,1.0,0
pre-drug,0,46,0,1,as3,1.0,0
pre-drug,0,47,0,1,as3,1.0,0
pre-drug,0,48,0,1,as3,1.0,0
pre-drug,0,49,0,1,as3,1.0,0
pre-drug,0,50,0,1,as3,1.0,0
addiction,1,1,0,1,as3,1.0,0
addiction,1,2,0,3,as5,1.0,0
addiction,1,3,0,1,as3,1.0,0
addiction,1,4,0,1,as3,1.0,0
addiction,1,5,0,3,as5,1.0,0
addiction,1,6,0,1,as3,1.0,0
addiction,1,7,0,3,as5,1.0,0
addiction,1,8,0,3,as5,1.0,0
addiction,1,9,0,2,as4,1.0,0
addiction,1,10,0,1,as3,1.0,0
addiction,1,11,0,2,as4,1.0,0
addiction,1,12,0,3,as5,1.0,0
addiction,1,13,0,2,as4,1.0,0
addiction,1,14,0,1,as3,1.0,0
addiction,1,15,0,3,as5,1.0,0
addiction,1,16,0,1,as3,1.0,0
addiction,1,17,0,2,as4,1.0,0
addiction,1,18,0,2,as4,1.0,0
addiction,1,19,0,1,as3,1.0,0
addiction,1,20,0,1,as3,1.0,0
addiction,1,21,0,2,as4,1.0,0
addiction,1,22,0,3,as5,1.0,0
addiction,1,23,0,1,as3,1.0,0
addiction,1,24,0,1,as3,1.0,0
addiction,1,25,0,3,as5,1.0,0
addiction,1,26,0,2,as4,1.0,0
addiction,1,27,0,5,as7,1.0,0
addiction,1,28,0,2,as4,1.0,0
addiction,1,29,0,2,as4,1.0,0
addiction,1,30,0,2,as4,1.0,0
addiction,1,31,0,2,as4,1.0,0
addiction,1,32,0,1,as3,1.0,0
addiction,1,33,0,3,as5,1.0,0
addiction,1,34,0,5,as7,1.0,0
addiction,1,35,0,2,as4,1.0,0
addiction,1,36,0,2,as4,1.0,0
addiction,1,37,0,1,as3,1.0,0
addiction,1,38,0,3,as5,1.0,0
addiction,1,39,0,1,as3,1.0,0
addiction,1,40,0,3,as5,1.0,0
addiction,1,41,0,3,as5,1.0,0
addiction,1,42,0,3,as5,1.0,0
addiction,1,43,0,3,as5,1.0,0
addiction,1,44,0,3,as5,1.0,0
addiction,1,45,0,5,as7,1.0,0
addiction,1,46,0,1,as3,1.0,0
addiction,1,47,0,3,as5,1.0,0
addiction,1,48,0,2,as4,1.0,0
addiction,1,49,0,5,as7,1.0,0
addiction,1,50,0,3,as5,1.0,0
addiction,1,51,0,2,as4,1.0,0
addiction,1,52,0,5,as7,1.0,0
addiction,1,53,0,5,as7,1.0,0
addiction,1,54,0,2,as4,1.0,0
addiction,1,55,0,2,as4,1.0,0
addiction,1,56,0,1,as3,1.0,0
addiction,1,57,0,3,as5,1.0,0
addiction,1,58,0,1,as3,1.0,0
addiction,1,59,0,3,as5,1.0,0
addiction,1,60,0,2,as4,1.0,0
addiction,1,61,0,3,as5,1.0,0
addiction,1,62,0,6,ag,0.0,3
addiction,1,63,3,1,as3,0.0,2
addiction,1,64,2,0,as2,0.0,1
addiction,1,65,1,6,ag,1.0,0
addiction,1,66,0,3,as5,1.0,0
addiction,1,67,0,2,as4,1.0,0
addiction,1,68,0,3,as5,1.0,0
addiction,1,69,0,2,as4,1.0,0
addiction,1,70,0,2,as4,1.0,0
addiction,1,71,0,2,as4,1.0,0
addiction,1,72,0,3,as5,1.0,0
addiction,1,73,0,1,as3,1.0,0
addiction,1,74,0,1,as3,1.0,0
addiction,1,75,0,5,as7,1.0,0
addiction,1,76,0,1,as3,1.0,0
addiction,1,77,0,5,as7,1.0,0
addiction,1,78,0,3,as5,1.0,0
addiction,1,79,0,1,as3,1.0,0
addiction,1,80,0,3,as5,1.0,0
addiction,1,81,0,2,as4,1.0,0
addiction,1,82,0,1,as3,1.0,0
addiction,1,83,0,5,as7,1.0,0
addiction,1,84,0,2,as4,1.0,0
addiction,1,85,0,2,as4,1.0,0
addiction,1,86,0,5,as7,1.0,0
addiction,1,87,0,2,as4,1.0,0
addiction,1,88,0,1,as3,1.0,0
addiction,1,89,0,5,as7,1.0,0
addiction,1,90,0,1,as3,1.0,0
addiction,1,91,0,1,as3,1.0,0
addiction,1,92,0,5,as7,1.0,0
addiction,1,93,0,3,as5,1.0,0
addiction,1,94,0,5,as7,1.0,0
addiction,1,95,0,5,as7,1.0,0
addiction,1,96,0,1,as3,1.0,0
addiction,1,97,0,2,as4,1.0,0
addiction,1,98,0,5,as7,1.0,0
addiction,1,99,0,5,as7,1.0,0
addiction,1,100,0,3,as5,1.0,0
addiction,1,101,0,2,as4,1.0,0
addiction,1,102,0,2,as4,1.0,0
addiction,1,103,0,1,as3,1.0,0
addiction,1,104,0,3,as5,1.0,0
addiction,1,105,0,3,as5,1.0,0
addiction,1,106,0,1,as3,1.0,0
addiction,1,107,0,5,as7,1.0,0
addiction,1,108,0,5,as7,1.0,0
addiction,1,109,0,4,as6,1.0,0
addiction,1,110,0,3,as5,1.0,0
addiction,1,111,0,2,as4,1.0,0
addiction,1,112,0,2,as4,1.0,0
addiction,1,113,0,3,as5,1.0,0
addiction,1,114,0,1,as3,1.0,0
addiction,1,115,0,3,as5,1.0,0
addiction,1,116,0,1,as3,1.0,0
addiction,1,117,0,1,as3,1.0,0
addiction,1,118,0,1,as3,1.0,0
addiction,1,119,0,3,as5,1.0,0
addiction,1,120,0,4,as6,1.0,0
addiction,1,121,0,5,as7,1.0,0
addiction,1,122,0,3,as5,1.0,0
addiction,1,123,0,3,as5,1.0,0
addiction,1,124,0,1,as3,1.0,0
addiction,1,125,0,2,as4,1.0,0
addiction,1,126,0,2,as4,1.0,0
addiction,1,127,0,2,as4,1.0,0
addiction,1,128,0,1,as3,1.0,0
addiction,1,129,0,5,as7,1.0,0
addiction,1,130,0,1,as3,1.0,0
addiction,1,131,0,3,as5,1.0,0
addiction,1,132,0,8,aw,1.0,0
addiction,1,133,0,5,as7,1.0,0
addiction,1,134,0,8,aw,1.0,0
addiction,1,135,0,4,as6,1.0,0
addiction,1,136,0,5,as7,1.0,0
addiction,1,137,0,5,as7,1.0,0
addiction,1,138,0,1,as3,1.0,0
addiction,1,139,0,8,aw,1.0,0
addiction,1,140,0,8,aw,1.0,0
addiction,1,141,0,5,as7,1.0,0
addiction,1,142,0,4,as6,1.0,0
addiction,1,143,0,3,as5,1.0,0
addiction,1,144,0,3,as5,1.0,0
addiction,1,145,0,3,as5,1.0,0
addiction,1,146,0,3,as5,1.0,0
addiction,1,147,0,3,as5,1.0,0
addiction,1,148,0,3,as5,1.0,0
addiction,1,149,0,5,as7,1.0,0
addiction,1,150,0,8,aw,1.0,0
addiction,1,151,0,5,as7,1.0,0
addiction,1,152,0,2,as4,1.0,0
addiction,1,153,0,3,as5,1.0,0
addiction,1,154,0,4,as6,1.0,0
addiction,1,155,0,5,as7,1.0,0
addiction,1,156,0,4,as6,1.0,0
addiction,1,157,0,1,as3,1.0,0
addiction,1,158,0,2,as4,1.0,0
addiction,1,159,0,8,aw,1.0,0
addiction,1,160,0,1,as3,1.0,0
addiction,1,161,0,5,as7,1.0,0
addiction,1,162,0,6,ag,0.0,3
addiction,1,163,3,1,as3,0.0,2
addiction,1,164,2,0,as2,0.0,1
addiction,1,165,1,6,ag,1.0,0
addiction,1,166,0,8,aw,1.0,0
addiction,1,167,0,5,as7,1.0,0
addiction,1,168,0,5,as7,1.0,0
addiction,1,169,0,5,as7,1.0,0
addiction,1,170,0,2,as4,1.0,0
addiction,1,171,0,2,as4,1.0,0
addiction,1,172,0,3,as5,1.0,0
addiction,1,173,0,3,as5,1.0,0
addiction,1,174,0,8,aw,1.0,0
addiction,1,175,0,5,as7,1.0,0
addiction,1,176,0,1,as3,1.0,0
addiction,1,177,0,8,aw,1.0,0
addiction,1,178,0,5,as7,1.0,0
addiction,1,179,0,1,as3,1.0,0
addiction,1,180,0,8,aw,1.0,0
addiction,1,181,0,5,as7,1.0,0
addiction,1,182,0,5,as7,1.0,0
addiction,1,183,0,8,aw,1.0,0
addiction,1,184,0,5,as7,1.0,0
addiction,1,185,0,3,as5,1.0,0
addiction,1,186,0,8,aw,1.0,0
addiction,1,187,0,1,as3,1.0,0
addiction,1,188,0,5,as7,1.0,0
addiction,1,189,0,3,as5,1.0,0
addiction,1,190,0,8,aw,1.0,0
addiction,1,191,0,8,aw,1.0,0
addiction,1,192,0,1,as3,1.0,0
addiction,1,193,0,3,as5,1.0,0
addiction,1,194,0,8,aw,1.0,0
addiction,1,195,0,8,aw,1.0,0
addiction,1,196,0,8,aw,1.0,0
addiction,1,197,0,4,as6,1.0,0
addiction,1,198,0,1,as3,1.0,0
addiction,1,199,0,6,ag,0.0,3
addiction,1,200,3,1,as3,0.0,2
addiction,1,201,2,8,aw,0.0,2
addiction,1,202,2,0,as2,0.0,1
addiction,1,203,1,6,ag,1.0,0
addiction,1,204,0,3,as5,1.0,0
addiction,1,205,0,3,as5,1.0,0
addiction,1,206,0,8,aw,1.0,0
addiction,1,207,0,5,as7,1.0,0
addiction,1,208,0,8,aw,1.0,0
addiction,1,209,0,1,as3,1.0,0
addiction,1,210,0,4,as6,1.0,0
addiction,1,211,0,6,ag,0.0,3
addiction,1,212,3,8,aw,0.0,3
addiction,1,213,3,1,as3,0.0,2
addiction,1,214,2,0,as2,0.0,1
addiction,1,215,1,6,ag,1.0,0
addiction,1,216,0,8,aw,1.0,0
addiction,1,217,0,0,as2,1.0,0
addiction,1,218,0,7,ad,1.0,0
addiction,1,219,0,4,as6,1.0,0
addiction,1,220,0,2,as4,1.0,0
addiction,1,221,0,7,ad,1.0,0
addiction,1,222,0,8,aw,1.0,0
addiction,1,223,0,8,aw,1.0,0
addiction,1,224,0,7,ad,1.0,0
addiction,1,225,0,7,ad,1.0,0
addiction,1,226,0,0,as2,1.0,0
addiction,1,227,0,0,as2,1.0,0
addiction,1,228,0,4,as6,1.0,0
addiction,1,229,0,5,as7,1.0,0
addiction,1,230,0,7,ad,1.0,0
addiction,1,231,0,5,as7,1.0,0
addiction,1,232,0,0,as2,1.0,0
addiction,1,233,0,5,as7,1.0,0
addiction,1,234,0,4,as6,1.0,0
addiction,1,235,0,0,as2,1.0,0
addiction,1,236,0,1,as3,1.0,0
addiction,1,237,0,8,aw,1.0,0
addiction,1,238,0,2,as4,1.0,0
addiction,1,239,0,0,as2,1.0,0
addiction,1,240,0,4,as6,1.0,0
addiction,1,241,0,3,as5,1.0,0
addiction,1,242,0,7,ad,1.0,0
addiction,1,243,0,4,as6,1.0,0
addiction,1,244,0,4,as6,1.0,0
addiction,1,245,0,2,as4,1.0,0
addiction,1,246,0,2,as4,1.0,0
addiction,1,247,0,5,as7,1.0,0
addiction,1,248,0,3,as5,1.0,0
addiction,1,249,0,4,as6,1.0,0
addiction,1,250,0,1,as3,1.0,0
addiction,1,251,0,0,as2,1.0,0
addiction,1,252,0,0,as2,1.0,0
addiction,1,253,0,2,as4,1.0,0
addiction,1,254,0,3,as5,1.0,0
addiction,1,255,0,5,as7,1.0,0
addiction,1,256,0,7,ad,1.0,0
addiction,1,257,0,1,as3,1.0,0
addiction,1,258,0,8,aw,1.0,0
addiction,1,259,0,0,as2,1.0,0
addiction,1,260,0,1,as3,1.0,0
addiction,1,261,0,1,as3,1.0,0
addiction,1,262,0,4,as6,1.0,0
addiction,1,263,0,5,as7,1.0,0
addiction,1,264,0,4,as6,1.0,0
addiction,1,265,0,2,as4,1.0,0
addiction,1,266,0,1,as3,1.0,0
addiction,1,267,0,3,as5,1.0,0
addiction,1,268,0,8,aw,1.0,0
addiction,1,269,0,4,as6,1.0,0
addiction,1,270,0,1,as3,1.0,0
addiction,1,271,0,8,aw,1.0,0
addiction,1,272,0,2,as4,1.0,0
addiction,1,273,0,7,ad,1.0,0
addiction,1,274,0,3,as5,1.0,0
addiction,1,275,0,3,as5,1.0,0
addiction,1,276,0,7,ad,1.0,0
addiction,1,277,0,7,ad,1.0,0
addiction,1,278,0,4,as6,1.0,0
addiction,1,279,0,2,as4,1.0,0
addiction,1,280,0,0,as2,1.0,0
addiction,1,281,0,6,ag,0.0,3
addiction,1,282,3,1,as3,0.0,2
addiction,1,283,2,0,as2,0.0,1
addiction,1,284,1,6,ag,1.0,0
addiction,1,285,0,4,as6,1.0,0
addiction,1,286,0,2,as4,1.0,0
addiction,1,287,0,3,as5,1.0,0
addiction,1,288,0,7,ad,1.0,0
addiction,1,289,0,1,as3,1.0,0
addiction,1,290,0,5,as7,1.0,0
addiction,1,291,0,2,as4,1.0,0
addiction,1,292,0,0,as2,1.0,0
addiction,1,293,0,3,as5,1.0,0
addiction,1,294,0,1,as3,1.0,0
addiction,1,295,0,8,aw,1.0,0
addiction,1,296,0,8,aw,1.0,0
addiction,1,297,0,7,ad,1.0,0
addiction,1,298,0,8,aw,1.0,0
addiction,1,299,0,7,ad,1.0,0
addiction,1,300,0,3,as5,1.0,0
addiction,1,301,0,0,as2,1.0,0
addiction,1,302,0,3,as5,1.0,0
addiction,1,303,0,2,as4,1.0,0
addiction,1,304,0,1,as3,1.0,0
addiction,1,305,0,5,as7,1.0,0
addiction,1,306,0,1,as3,1.0,0
addiction,1,307,0,8,aw,1.0,0
addiction,1,308,0,4,as6,1.0,0
addiction,1,309,0,2,as4,1.0,0
addiction,1,310,0,1,as3,1.0,0
addiction,1,311,0,4,as6,1.0,0
addiction,1,312,0,5,as7,1.0,0
addiction,1,313,0,4,as6,1.0,0
addiction,1,314,0,0,as2,1.0,0
addiction,1,315,0,8,aw,1.0,0
addiction,1,316,0,2,as4,1.0,0
addiction,1,317,0,4,as6,1.0,0
addiction,1,318,0,7,ad,1.0,0
addiction,1,319,0,3,as5,1.0,0
addiction,1,320,0,8,aw,1.0,0
addiction,1,321,0,3,as5,1.0,0
addiction,1,322,0,2,as4,1.0,0
addiction,1,323,0,4,as6,1.0,0
addiction,1,324,0,0,as2,1.0,0
addiction,1,325,0,5,as7,1.0,0
addiction,1,326,0,5,as7,1.0,0
addiction,1,327,0,2,as4,1.0,0
addiction,1,328,0,1,as3,1.0,0
addiction,1,329,0,5,as7,1.0,0
addiction,1,330,0,3,as5,1.0,0
addiction,1,331,0,4,as6,1.0,0
addiction,1,332,0,0,as2,1.0,0
addiction,1,333,0,4,as6,1.0,0
addiction,1,334,0,5,as7,1.0,0
addiction,1,335,0,8,aw,1.0,0
addiction,1,336,0,3,as5,1.0,0
addiction,1,337,0,4,as6,1.0,0
addiction,1,338,0,5,as7,1.0,0
addiction,1,339,0,3,as5,1.0,0
addiction,1,340,0,7,ad,1.0,0
addiction,1,341,0,7,ad,1.0,0
addiction,1,342,0,3,as5,1.0,0
addiction,1,343,0,3,as5,1.0,0
addiction,1,344,0,8,aw,1.0,0
addiction,1,345,0,7,ad,1.0,0
addiction,1,346,0,5,as7,1.0,0
addiction,1,347,0,0,as2,1.0,0
addiction,1,348,0,1,as3,1.0,0
addiction,1,349,0,8,aw,1.0,0
addiction,1,350,0,3,as5,1.0,0
addiction,1,351,0,2,as4,1.0,0
addiction,1,352,0,8,aw,1.0,0
addiction,1,353,0,5,as7,1.0,0
addiction,1,354,0,0,as2,1.0,0
addiction,1,355,0,2,as4,1.0,0
addiction,1,356,0,8,aw,1.0,0
addiction,1,357,0,0,as2,1.0,0
addiction,1,358,0,3,as5,1.0,0
addiction,1,359,0,8,aw,1.0,0
addiction,1,360,0,5,as7,1.0,0
addiction,1,361,0,0,as2,1.0,0
addiction,1,362,0,7,ad,1.0,0
addiction,1,363,0,3,as5,1.0,0
addiction,1,364,0,0,as2,1.0,0
addiction,1,365,0,1,as3,1.0,0
addiction,1,366,0,7,ad,1.0,0
addiction,1,367,0,2,as4,1.0,0
addiction,1,368,0,6,ag,0.0,3
addiction,1,369,3,1,as3,0.0,2
addiction,1,370,2,0,as2,0.0,1
addiction,1,371,1,6,ag,1.0,0
addiction,1,372,0,7,ad,1.0,0
addiction,1,373,0,7,ad,1.0,0
addiction,1,374,0,3,as5,1.0,0
addiction,1,375,0,3,as5,1.0,0
addiction,1,376,0,7,ad,1.0,0
addiction,1,377,0,1,as3,1.0,0
addiction,1,378,0,3,as5,1.0,0
addiction,1,379,0,5,as7,1.0,0
addiction,1,380,0,5,as7,1.0,0
addiction,1,381,0,2,as4,1.0,0
addiction,1,382,0,0,as2,1.0,0
addiction,1,383,0,4,as6,1.0,0
addiction,1,384,0,5,as7,1.0,0
addiction,1,385,0,4,as6,1.0,0
addiction,1,386,0,1,as3,1.0,0
addiction,1,387,0,3,as5,1.0,0
addiction,1,388,0,0,as2,1.0,0
addiction,1,389,0,0,as2,1.0,0
addiction,1,390,0,2,as4,1.0,0
addiction,1,391,0,3,as5,1.0,0
addiction,1,392,0,3,as5,1.0,0
addiction,1,393,0,3,as5,1.0,0
addiction,1,394,0,4,as6,1.0,0
addiction,1,395,0,4,as6,1.0,0
addiction,1,396,0,3,as5,1.0,0
addiction,1,397,0,1,as3,1.0,0
addiction,1,398,0,2,as4,1.0,0
addiction,1,399,0,4,as6,1.0,0
addiction,1,400,0,4,as6,1.0,0
addiction,1,401,0,5,as7,1.0,0
addiction,1,402,0,2,as4,1.0,0
addiction,1,403,0,2,as4,1.0,0
addiction,1,404,0,0,as2,1.0,0
addiction,1,405,0,2,as4,1.0,0
addiction,1,406,0,4,as6,1.0,0
addiction,1,407,0,7,ad,1.0,0
addiction,1,408,0,8,aw,1.0,0
addiction,1,409,0,8,aw,1.0,0
addiction,1,410,0,5,as7,1.0,0
addiction,1,411,0,8,aw,1.0,0
addiction,1,412,0,1,as3,1.0,0
addiction,1,413,0,4,as6,1.0,0
addiction,1,414,0,2,as4,1.0,0
addiction,1,415,0,8,aw,1.0,0
addiction,1,416,0,1,as3,1.0,0
addiction,1,417,0,0,as2,1.0,0
addiction,1,418,0,2,as4,1.0,0
addiction,1,419,0,0,as2,1.0,0
addiction,1,420,0,8,aw,1.0,0
addiction,1,421,0,3,as5,1.0,0
addiction,1,422,0,0,as2,1.0,0
addiction,1,423,0,0,as2,1.0,0
addiction,1,424,0,7,ad,1.0,0
addiction,1,425,0,0,as2,1.0,0
addiction,1,426,0,8,aw,1.0,0
addiction,1,427,0,2,as4,1.0,0
addiction,1,428,0,1,as3,1.0,0
addiction,1,429,0,0,as2,1.0,0
addiction,1,430,0,1,as3,1.0,0
addiction,1,431,0,0,as2,1.0,0
addiction,1,432,0,0,as2,1.0,0
addiction,1,433,0,2,as4,1.0,0
addiction,1,434,0,3,as5,1.0,0
addiction,1,435,0,7,ad,1.0,0
addiction,1,436,0,4,as6,1.0,0
addiction,1,437,0,1,as3,1.0,0
addiction,1,438,0,2,as4,1.0,0
addiction,1,439,0,1,as3,1.0,0
addiction,1,440,0,3,as5,1.0,0
addiction,1,441,0,0,as2,1.0,0
addiction,1,442,0,1,as3,1.0,0
addiction,1,443,0,1,as3,1.0,0
addiction,1,444,0,0,as2,1.0,0
addiction,1,445,0,8,aw,1.0,0
addiction,1,446,0,7,ad,1.0,0
addiction,1,447,0,0,as2,1.0,0
addiction,1,448,0,3,as5,1.0,0
addiction,1,449,0,1,as3,1.0,0
addiction,1,450,0,5,as7,1.0,0
addiction,1,451,0,7,ad,1.0,0
addiction,1,452,0,4,as6,1.0,0
addiction,1,453,0,4,as6,1.0,0
addiction,1,454,0,8,aw,1.0,0
addiction,1,455,0,7,ad,1.0,0
addiction,1,456,0,4,as6,1.0,0
addiction,1,457,0,3,as5,1.0,0
addiction,1,458,0,0,as2,1.0,0
addiction,1,459,0,2,as4,1.0,0
addiction,1,460,0,4,as6,1.0,0
addiction,1,461,0,7,ad,1.0,0
addiction,1,462,0,4,as6,1.0,0
addiction,1,463,0,3,as5,1.0,0
addiction,1,464,0,7,ad,1.0,0
addiction,1,465,0,0,as2,1.0,0
addiction,1,466,0,6,ag,0.0,3
addiction,1,467,3,1,as3,0.0,2
addiction,1,468,2,0,as2,0.0,1
addiction,1,469,1,6,ag,1.0,0
addiction,1,470,0,1,as3,1.0,0
addiction,1,471,0,7,ad,1.0,0
addiction,1,472,0,1,as3,1.0,0
addiction,1,473,0,7,ad,1.0,0
addiction,1,474,0,4,as6,1.0,0
addiction,1,475,0,8,aw,1.0,0
addiction,1,476,0,0,as2,1.0,0
addiction,1,477,0,3,as5,1.0,0
addiction,1,478,0,1,as3,1.0,0
addiction,1,479,0,3,as5,1.0,0
addiction,1,480,0,4,as6,1.0,0
addiction,1,481,0,5,as7,1.0,0
addiction,1,482,0,0,as2,1.0,0
addiction,1,483,0,2,as4,1.0,0
addiction,1,484,0,5,as7,1.0,0
addiction,1,485,0,0,as2,1.0,0
addiction,1,486,0,4,as6,1.0,0
addiction,1,487,0,7,ad,1.0,0
addiction,1,488,0,2,as4,1.0,0
addiction,1,489,0,4,as6,1.0,0
addiction,1,490,0,3,as5,1.0,0
addiction,1,491,0,7,ad,1.0,0
addiction,1,492,0,4,as6,1.0,0
addiction,1,493,0,1,as3,1.0,0
addiction,1,494,0,3,as5,1.0,0
addiction,1,495,0,0,as2,1.0,0
addiction,1,496,0,7,ad,1.0,0
addiction,1,497,0,8,aw,1.0,0
addiction,1,498,0,0,as2,1.0,0
addiction,1,499,0,1,as3,1.0,0
addiction,1,500,0,5,as7,1.0,0
addiction,1,501,0,2,as4,1.0,0
addiction,1,502,0,1,as3,1.0,0
addiction,1,503,0,8,aw,1.0,0
addiction,1,504,0,8,aw,1.0,0
addiction,1,505,0,8,aw,1.0,0
addiction,1,506,0,5,as7,1.0,0
addiction,1,507,0,3,as5,1.0,0
addiction,1,508,0,4,as6,1.0,0
addiction,1,509,0,4,as6,1.0,0
addiction,1,510,0,7,ad,1.0,0
addiction,1,511,0,7,ad,1.0,0
addiction,1,512,0,8,aw,1.0,0
addiction,1,513,0,4,as6,1.0,0
addiction,1,514,0,0,as2,1.0,0
addiction,1,515,0,3,as5,1.0,0
addiction,1,516,0,0,as2,1.0,0
addiction,1,517,0,7,ad,1.0,0
addiction,1,518,0,5,as7,1.0,0
addiction,1,519,0,5,as7,1.0,0
addiction,1,520,0,2,as4,1.0,0
addiction,1,521,0,3,as5,1.0,0
addiction,1,522,0,3,as5,1.0,0
addiction,1,523,0,4,as6,1.0,0
addiction,1,524,0,3,as5,1.0,0
addiction,1,525,0,2,as4,1.0,0
addiction,1,526,0,3,as5,1.0,0
addiction,1,527,0,2,as4,1.0,0
addiction,1,528,0,5,as7,1.0,0
addiction,1,529,0,5,as7,1.0,0
addiction,1,530,0,2,as4,1.0,0
addiction,1,531,0,4,as6,1.0,0
addiction,1,532,0,8,aw,1.0,0
addiction,1,533,0,8,aw,1.0,0
addiction,1,534,0,1,as3,1.0,0
addiction,1,535,0,3,as5,1.0,0
addiction,1,536,0,2,as4,1.0,0
addiction,1,537,0,0,as2,1.0,0
addiction,1,538,0,8,aw,1.0,0
addiction,1,539,0,8,aw,1.0,0
addiction,1,540,0,0,as2,1.0,0
addiction,1,541,0,2,as4,1.0,0
addiction,1,542,0,7,ad,1.0,0
addiction,1,543,0,0,as2,1.0,0
addiction,1,544,0,8,aw,1.0,0
addiction,1,545,0,4,as6,1.0,0
addiction,1,546,0,0,as2,1.0,0
addiction,1,547,0,1,as3,1.0,0
addiction,1,548,0,4,as6,1.0,0
addiction,1,549,0,5,as7,1.0,0
addiction,1,550,0,4,as6,1.0,0
addiction,1,551,0,0,as2,1.0,0
addiction,1,552,0,2,as4,1.0,0
addiction,1,553,0,2,as4,1.0,0
addiction,1,554,0,4,as6,1.0,0
addiction,1,555,0,7,ad,1.0,0
addiction,1,556,0,2,as4,1.0,0
addiction,1,557,0,0,as2,1.0,0
addiction,1,558,0,7,ad,1.0,0
addiction,1,559,0,3,as5,1.0,0
addiction,1,560,0,0,as2,1.0,0
addiction,1,561,0,3,as5,1.0,0
addiction,1,562,0,2,as4,1.0,0
addiction,1,563,0,5,as7,1.0,0
addiction,1,564,0,3,as5,1.0,0
addiction,1,565,0,8,aw,1.0,0
addiction,1,566,0,5,as7,1.0,0
addiction,1,567,0,5,as7,1.0,0
addiction,1,568,0,2,as4,1.0,0
addiction,1,569,0,2,as4,1.0,0
addiction,1,570,0,1,as3,1.0,0
addiction,1,571,0,0,as2,1.0,0
addiction,1,572,0,8,aw,1.0,0
addiction,1,573,0,2,as4,1.0,0
addiction,1,574,0,3,as5,1.0,0
addiction,1,575,0,7,ad,1.0,0
addiction,1,576,0,3,as5,1.0,0
addiction,1,577,0,1,as3,1.0,0
addiction,1,578,0,8,aw,1.0,0
addiction,1,579,0,1,as3,1.0,0
addiction,1,580,0,1,as3,1.0,0
addiction,1,581,0,1,as3,1.0,0
addiction,1,582,0,2,as4,1.0,0
addiction,1,583,0,1,as3,1.0,0
addiction,1,584,0,8,aw,1.0,0
addiction,1,585,0,0,as2,1.0,0
addiction,1,586,0,3,as5,1.0,0
addiction,1,587,0,5,as7,1.0,0
addiction,1,588,0,1,as3,1.0,0
addiction,1,589,0,7,ad,1.0,0
addiction,1,590,0,5,as7,1.0,0
addiction,1,591,0,7,ad,1.0,0
addiction,1,592,0,8,aw,1.0,0
addiction,1,593,0,8,aw,1.0,0
addiction,1,594,0,2,as4,1.0,0
addiction,1,595,0,0,as2,1.0,0
addiction,1,596,0,7,ad,1.0,0
addiction,1,597,0,1,as3,1.0,0
addiction,1,598,0,8,aw,1.0,0
addiction,1,599,0,7,ad,1.0,0
addiction,1,600,0,0,as2,1.0,0
addiction,1,601,0,8,aw,1.0,0
addiction,1,602,0,0,as2,1.0,0
addiction,1,603,0,3,as5,1.0,0
addiction,1,604,0,1,as3,1.0,0
addiction,1,605,0,1,as3,1.0,0
addiction,1,606,0,8,aw,1.0,0
addiction,1,607,0,5,as7,1.0,0
addiction,1,608,0,3,as5,1.0,0
addiction,1,609,0,0,as2,1.0,0
addiction,1,610,0,3,as5,1.0,0
addiction,1,611,0,4,as6,1.0,0
addiction,1,612,0,1,as3,1.0,0
addiction,1,613,0,4,as6,1.0,0
addiction,1,614,0,0,as2,1.0,0
addiction,1,615,0,5,as7,1.0,0
addiction,1,616,0,5,as7,1.0,0
addiction,1,617,0,7,ad,1.0,0
addiction,1,618,0,5,as7,1.0,0
addiction,1,619,0,5,as7,1.0,0
addiction,1,620,0,2,as4,1.0,0
addiction,1,621,0,8,aw,1.0,0
addiction,1,622,0,4,as6,1.0,0
addiction,1,623,0,5,as7,1.0,0
addiction,1,624,0,8,aw,1.0,0
addiction,1,625,0,3,as5,1.0,0
addiction,1,626,0,2,as4,1.0,0
addiction,1,627,0,2,as4,1.0,0
addiction,1,628,0,1,as3,1.0,0
addiction,1,629,0,1,as3,1.0,0
addiction,1,630,0,5,as7,1.0,0
addiction,1,631,0,7,ad,1.0,0
addiction,1,632,0,2,as4,1.0,0
addiction,1,633,0,8,aw,1.0,0
addiction,1,634,0,7,ad,1.0,0
addiction,1,635,0,1,as3,1.0,0
addiction,1,636,0,1,as3,1.0,0
addiction,1,637,0,2,as4,1.0,0
addiction,1,638,0,2,as4,1.0,0
addiction,1,639,0,5,as7,1.0,0
addiction,1,640,0,1,as3,1.0,0
addiction,1,641,0,7,ad,1.0,0
addiction,1,642,0,8,aw,1.0,0
addiction,1,643,0,2,as4,1.0,0
addiction,1,644,0,5,as7,1.0,0
addiction,1,645,0,4,as6,1.0,0
addiction,1,646,0,3,as5,1.0,0
addiction,1,647,0,4,as6,1.0,0
addiction,1,648,0,3,as5,1.0,0
addiction,1,649,0,2,as4,1.0,0
addiction,1,650,0,3,as5,1.0,0
addiction,1,651,0,2,as4,1.0,0
addiction,1,652,0,2,as4,1.0,0
addiction,1,653,0,3,as5,1.0,0
addiction,1,654,0,5,as7,1.0,0
addiction,1,655,0,3,as5,1.0,0
addiction,1,656,0,8,aw,1.0,0
addiction,1,657,0,8,aw,1.0,0
addiction,1,658,0,8,aw,1.0,0
addiction,1,659,0,1,as3,1.0,0
addiction,1,660,0,7,ad,1.0,0
addiction,1,661,0,5,as7,1.0,0
addiction,1,662,0,1,as3,1.0,0
addiction,1,663,0,2,as4,1.0,0
addiction,1,664,0,2,as4,1.0,0
addiction,1,665,0,2,as4,1.0,0
addiction,1,666,0,1,as3,1.0,0
addiction,1,667,0,4,as6,1.0,0
addiction,1,668,0,1,as3,1.0,0
addiction,1,669,0,3,as5,1.0,0
addiction,1,670,0,7,ad,1.0,0
addiction,1,671,0,5,as7,1.0,0
addiction,1,672,0,7,ad,1.0,0
addiction,1,673,0,3,as5,1.0,0
addiction,1,674,0,8,aw,1.0,0
addiction,1,675,0,0,as2,1.0,0
addiction,1,676,0,3,as5,1.0,0
addiction,1,677,0,2,as4,1.0,0
addiction,1,678,0,8,aw,1.0,0
addiction,1,679,0,4,as6,1.0,0
addiction,1,680,0,7,ad,1.0,0
addiction,1,681,0,1,as3,1.0,0
addiction,1,682,0,5,as7,1.0,0
addiction,1,683,0,4,as6,1.0,0
addiction,1,684,0,1,as3,1.0,0
addiction,1,685,0,1,as3,1.0,0
addiction,1,686,0,4,as6,1.0,0
addiction,1,687,0,0,as2,1.0,0
addiction,1,688,0,8,aw,1.0,0
addiction,1,689,0,0,as2,1.0,0
addiction,1,690,0,0,as2,1.0,0
addiction,1,691,0,2,as4,1.0,0
addiction,1,692,0,2,as4,1.0,0
addiction,1,693,0,1,as3,1.0,0
addiction,1,694,0,0,as2,1.0,0
addiction,1,695,0,2,as4,1.0,0
addiction,1,696,0,7,ad,1.0,0
addiction,1,697,0,8,aw,1.0,0
addiction,1,698,0,3,as5,1.0,0
addiction,1,699,0,5,as7,1.0,0
addiction,1,700,0,7,ad,1.0,0
addiction,1,701,0,2,as4,1.0,0
addiction,1,702,0,1,as3,1.0,0
addiction,1,703,0,2,as4,1.0,0
addiction,1,704,0,1,as3,1.0,0
addiction,1,705,0,4,as6,1.0,0
addiction,1,706,0,0,as2,1.0,0
addiction,1,707,0,7,ad,1.0,0
addiction,1,708,0,6,ag,0.0,3
addiction,1,709,3,1,as3,0.0,2
addiction,1,710,2,0,as2,0.0,1
addiction,1,711,1,6,ag,1.0,0
addiction,1,712,0,4,as6,1.0,0
addiction,1,713,0,4,as6,1.0,0
addiction,1,714,0,3,as5,1.0,0
addiction,1,715,0,3,as5,1.0,0
addiction,1,716,0,2,as4,1.0,0
addiction,1,717,0,7,ad,1.0,0
addiction,1,718,0,5,as7,1.0,0
addiction,1,719,0,3,as5,1.0,0
addiction,1,720,0,5,as7,1.0,0
addiction,1,721,0,1,as3,1.0,0
addiction,1,722,0,7,ad,1.0,0
addiction,1,723,0,0,as2,1.0,0
addiction,1,724,0,0,as2,1.0,0
addiction,1,725,0,7,ad,1.0,0
addiction,1,726,0,7,ad,1.0,0
addiction,1,727,0,1,as3,1.0,0
addiction,1,728,0,8,aw,1.0,0
addiction,1,729,0,3,as5,1.0,0
addiction,1,730,0,8,aw,1.0,0
addiction,1,731,0,7,ad,1.0,0
addiction,1,732,0,3,as5,1.0,0
addiction,1,733,0,5,as7,1.0,0
addiction,1,734,0,0,as2,1.0,0
addiction,1,735,0,4,as6,1.0,0
addiction,1,736,0,2,as4,1.0,0
addiction,1,737,0,6,ag,0.0,3
addiction,1,738,3,8,aw,0.0,3
addiction,1,739,3,5,as7,0.0,3
addiction,1,740,3,1,as3,0.0,2
addiction,1,741,2,0,as2,0.0,1
addiction,1,742,1,6,ag,1.0,0
addiction,1,743,0,1,as3,1.0,0
addiction,1,744,0,4,as6,1.0,0
addiction,1,745,0,5,as7,1.0,0
addiction,1,746,0,6,ag,0.0,3
addiction,1,747,3,0,as2,0.0,3
addiction,1,748,3,1,as3,0.0,2
addiction,1,749,2,0,as2,0.0,1
addiction,1,750,1,6,ag,1.0,0
addiction,1,751,0,1,as3,1.0,0
addiction,1,752,0,3,as5,1.0,0
addiction,1,753,0,1,as3,1.0,0
addiction,1,754,0,2,as4,1.0,0
addiction,1,755,0,5,as7,1.0,0
addiction,1,756,0,3,as5,1.0,0
addiction,1,757,0,1,as3,1.0,0
addiction,1,758,0,0,as2,1.0,0
addiction,1,759,0,1,as3,1.0,0
addiction,1,760,0,2,as4,1.0,0
addiction,1,761,0,3,as5,1.0,0
addiction,1,762,0,2,as4,1.0,0
addiction,1,763,0,2,as4,1.0,0
addiction,1,764,0,7,ad,1.0,0
addiction,1,765,0,8,aw,1.0,0
addiction,1,766,0,6,ag,0.0,3
addiction,1,767,3,1,as3,0.0,2
addiction,1,768,2,0,as2,0.0,1
addiction,1,769,1,6,ag,1.0,0
addiction,1,770,0,0,as2,1.0,0
addiction,1,771,0,1,as3,1.0,0
addiction,1,772,0,8,aw,1.0,0
addiction,1,773,0,0,as2,1.0,0
addiction,1,774,0,2,as4,1.0,0
addiction,1,775,0,8,aw,1.0,0
addiction,1,776,0,7,ad,1.0,0
addiction,1,777,0,2,as4,1.0,0
addiction,1,778,0,3,as5,1.0,0
addiction,1,779,0,8,aw,1.0,0
addiction,1,780,0,3,as5,1.0,0
addiction,1,781,0,3,as5,1.0,0
addiction,1,782,0,1,as3,1.0,0
addiction,1,783,0,8,aw,1.0,0
addiction,1,784,0,0,as2,1.0,0
addiction,1,785,0,4,as6,1.0,0
addiction,1,786,0,2,as4,1.0,0
addiction,1,787,0,7,ad,1.0,0
addiction,1,788,0,5,as7,1.0,0
addiction,1,789,0,5,as7,1.0,0
addiction,1,790,0,3,as5,1.0,0
addiction,1,791,0,8,aw,1.0,0
addiction,1,792,0,4,as6,1.0,0
addiction,1,793,0,2,as4,1.0,0
addiction,1,794,0,4,as6,1.0,0
addiction,1,795,0,0,as2,1.0,0
addiction,1,796,0,3,as5,1.0,0
addiction,1,797,0,4,as6,1.0,0
addiction,1,798,0,5,as7,1.0,0
addiction,1,799,0,7,ad,1.0,0
addiction,1,800,0,4,as6,1.0,0
addiction,1,801,0,4,as6,1.0,0
addiction,1,802,0,7,ad,1.0,0
addiction,1,803,0,0,as2,1.0,0
addiction,1,804,0,6,ag,0.0,3
addiction,1,805,3,1,as3,0.0,2
addiction,1,806,2,8,aw,0.0,2
addiction,1,807,2,5,as7,0.0,2
addiction,1,808,2,0,as2,0.0,1
addiction,1,809,1,3,as5,0.0,1
addiction,1,810,1,6,ag,1.0,0
addiction,1,811,0,5,as7,1.0,0
addiction,1,812,0,5,as7,1.0,0
addiction,1,813,0,7,ad,1.0,0
addiction,1,814,0,8,aw,1.0,0
addiction,1,815,0,2,as4,1.0,0
addiction,1,816,0,5,as7,1.0,0
addiction,1,817,0,1,as3,1.0,0
addiction,1,818,0,1,as3,1.0,0
addiction,1,819,0,4,as6,1.0,0
addiction,1,820,0,7,ad,1.0,0
addiction,1,821,0,7,ad,1.0,0
addiction,1,822,0,8,aw,1.0,0
addiction,1,823,0,8,aw,1.0,0
addiction,1,824,0,3,as5,1.0,0
addiction,1,825,0,7,ad,1.0,0
addiction,1,826,0,5,as7,1.0,0
addiction,1,827,0,8,aw,1.0,0
addiction,1,828,0,8,aw,1.0,0
addiction,1,829,0,2,as4,1.0,0
addiction,1,830,0,8,aw,1.0,0
addiction,1,831,0,7,ad,1.0,0
addiction,1,832,0,5,as7,1.0,0
addiction,1,833,0,2,as4,1.0,0
addiction,1,834,0,8,aw,1.0,0
addiction,1,835,0,4,as6,1.0,0
addiction,1,836,0,4,as6,1.0,0
addiction,1,837,0,1,as3,1.0,0
addiction,1,838,0,7,ad,1.0,0
addiction,1,839,0,5,as7,1.0,0
addiction,1,840,0,8,aw,1.0,0
addiction,1,841,0,4,as6,1.0,0
addiction,1,842,0,4,as6,1.0,0
addiction,1,843,0,1,as3,1.0,0
addiction,1,844,0,4,as6,1.0,0
addiction,1,845,0,8,aw,1.0,0
addiction,1,846,0,3,as5,1.0,0
addiction,1,847,0,8,aw,1.0,0
addiction,1,848,0,8,aw,1.0,0
addiction,1,849,0,7,ad,1.0,0
addiction,1,850,0,1,as3,1.0,0
addiction,1,851,0,3,as5,1.0,0
addiction,1,852,0,2,as4,1.0,0
addiction,1,853,0,8,aw,1.0,0
addiction,1,854,0,1,as3,1.0,0
addiction,1,855,0,5,as7,1.0,0
addiction,1,856,0,3,as5,1.0,0
addiction,1,857,0,0,as2,1.0,0
addiction,1,858,0,8,aw,1.0,0
addiction,1,859,0,1,as3,1.0,0
addiction,1,860,0,8,aw,1.0,0
addiction,1,861,0,1,as3,1.0,0
addiction,1,862,0,7,ad,1.0,0
addiction,1,863,0,4,as6,1.0,0
addiction,1,864,0,8,aw,1.0,0
addiction,1,865,0,0,as2,1.0,0
addiction,1,866,0,7,ad,1.0,0
addiction,1,867,0,1,as3,1.0,0
addiction,1,868,0,1,as3,1.0,0
addiction,1,869,0,0,as2,1.0,0
addiction,1,870,0,4,as6,1.0,0
addiction,1,871,0,7,ad,1.0,0
addiction,1,872,0,2,as4,1.0,0
addiction,1,873,0,8,aw,1.0,0
addiction,1,874,0,2,as4,1.0,0
addiction,1,875,0,4,as6,1.0,0
addiction,1,876,0,1,as3,1.0,0
addiction,1,877,0,8,aw,1.0,0
addiction,1,878,0,3,as5,1.0,0
addiction,1,879,0,3,as5,1.0,0
addiction,1,880,0,1,as3,1.0,0
addiction,1,881,0,3,as5,1.0,0
addiction,1,882,0,5,as7,1.0,0
addiction,1,883,0,7,ad,1.0,0
addiction,1,884,0,7,ad,1.0,0
addiction,1,885,0,5,as7,1.0,0
addiction,1,886,0,7,ad,1.0,0
addiction,1,887,0,1,as3,1.0,0
addiction,1,888,0,3,as5,1.0,0
addiction,1,889,0,4,as6,1.0,0
addiction,1,890,0,0,as2,1.0,0
addiction,1,891,0,2,as4,1.0,0
addiction,1,892,0,8,aw,1.0,0
addiction,1,893,0,0,as2,1.0,0
addiction,1,894,0,2,as4,1.0,0
addiction,1,895,0,8,aw,1.0,0
addiction,1,896,0,7,ad,1.0,0
addiction,1,897,0,1,as3,1.0,0
addiction,1,898,0,5,as7,1.0,0
addiction,1,899,0,7,ad,1.0,0
addiction,1,900,0,0,as2,1.0,0
addiction,1,901,0,0,as2,1.0,0
addiction,1,902,0,4,as6,1.0,0
addiction,1,903,0,8,aw,1.0,0
addiction,1,904,0,0,as2,1.0,0
addiction,1,905,0,4,as6,1.0,0
addiction,1,906,0,1,as3,1.0,0
addiction,1,907,0,5,as7,1.0,0
addiction,1,908,0,7,ad,1.0,0
addiction,1,909,0,1,as3,1.0,0
addiction,1,910,0,5,as7,1.0,0
addiction,1,911,0,8,aw,1.0,0
addiction,1,912,0,4,as6,1.0,0
addiction,1,913,0,3,as5,1.0,0
addiction,1,914,0,8,aw,1.0,0
addiction,1,915,0,3,as5,1.0,0
addiction,1,916,0,4,as6,1.0,0
addiction,1,917,0,3,as5,1.0,0
addiction,1,918,0,6,ag,0.0,3
addiction,1,919,3,1,as3,0.0,2
addiction,1,920,2,5,as7,0.0,2
addiction,1,921,2,0,as2,0.0,1
addiction,1,922,1,6,ag,1.0,0
addiction,1,923,0,7,ad,1.0,0
addiction,1,924,0,7,ad,1.0,0
addiction,1,925,0,8,aw,1.0,0
addiction,1,926,0,3,as5,1.0,0
addiction,1,927,0,7,ad,1.0,0
addiction,1,928,0,5,as7,1.0,0
addiction,1,929,0,7,ad,1.0,0
addiction,1,930,0,5,as7,1.0,0
addiction,1,931,0,4,as6,1.0,0
addiction,1,932,0,3,as5,1.0,0
addiction,1,933,0,0,as2,1.0,0
addiction,1,934,0,5,as7,1.0,0
addiction,1,935,0,4,as6,1.0,0
addiction,1,936,0,5,as7,1.0,0
addiction,1,937,0,2,as4,1.0,0
addiction,1,938,0,5,as7,1.0,0
addiction,1,939,0,5,as7,1.0,0
addiction,1,940,0,2,as4,1.0,0
addiction,1,941,0,7,ad,1.0,0
addiction,1,942,0,1,as3,1.0,0
addiction,1,943,0,2,as4,1.0,0
addiction,1,944,0,4,as6,1.0,0
addiction,1,945,0,1,as3,1.0,0
addiction,1,946,0,5,as7,1.0,0
addiction,1,947,0,7,ad,1.0,0
addiction,1,948,0,3,as5,1.0,0
addiction,1,949,0,1,as3,1.0,0
addiction,1,950,0,2,as4,1.0,0
addiction,1,951,0,7,ad,1.0,0
addiction,1,952,0,6,ag,0.0,3
addiction,1,953,3,1,as3,0.0,2
addiction,1,954,2,0,as2,0.0,1
addiction,1,955,1,6,ag,1.0,0
addiction,1,956,0,2,as4,1.0,0
addiction,1,957,0,1,as3,1.0,0
addiction,1,958,0,1,as3,1.0,0
addiction,1,959,0,3,as5,1.0,0
addiction,1,960,0,8,aw,1.0,0
addiction,1,961,0,7,ad,1.0,0
addiction,1,962,0,2,as4,1.0,0
addiction,1,963,0,1,as3,1.0,0
addiction,1,964,0,7,ad,1.0,0
addiction,1,965,0,2,as4,1.0,0
addiction,1,966,0,0,as2,1.0,0
addiction,1,967,0,8,aw,1.0,0
addiction,1,968,0,0,as2,1.0,0
addiction,1,969,0,7,ad,1.0,0
addiction,1,970,0,3,as5,1.0,0
addiction,1,971,0,8,aw,1.0,0
addiction,1,972,0,2,as4,1.0,0
addiction,1,973,0,4,as6,1.0,0
addiction,1,974,0,5,as7,1.0,0
addiction,1,975,0,3,as5,1.0,0
addiction,1,976,0,3,as5,1.0,0
addiction,1,977,0,4,as6,1.0,0
addiction,1,978,0,8,aw,1.0,0
addiction,1,979,0,0,as2,1.0,0
addiction,1,980,0,0,as2,1.0,0
addiction,1,981,0,7,ad,1.0,0
addiction,1,982,0,0,as2,1.0,0
addiction,1,983,0,8,aw,1.0,0
addiction,1,984,0,5,as7,1.0,0
addiction,1,985,0,2,as4,1.0,0
addiction,1,986,0,3,as5,1.0,0
addiction,1,987,0,2,as4,1.0,0
addiction,1,988,0,1,as3,1.0,0
addiction,1,989,0,1,as3,1.0,0
addiction,1,990,0,5,as7,1.0,0
addiction,1,991,0,8,aw,1.0,0
addiction,1,992,0,0,as2,1.0,0
addiction,1,993,0,5,as7,1.0,0
addiction,1,994,0,1,as3,1.0,0
addiction,1,995,0,7,ad,1.0,0
addiction,1,996,0,7,ad,1.0,0
addiction,1,997,0,1,as3,1.0,0
addiction,1,998,0,3,as5,1.0,0
addiction,1,999,0,1,as3,1.0,0
addiction,1,1000,0,4,as6,1.0,0
